8,0,0

8,4,6

8,4,6

8,2,3

8,0,0

8,2,3

8,0,0

8,6,6

8,4,6

8,2,3

8,4,6

8,4,6

8,2,3

8,2,3

8,2,3

8,2,3

8,2,3

8,2,3

8,2,3

8,0,0

8,0,0

8,0,0

8,4,6

8,2,3

8,2,3

8,2,3

8,0,0

8,2,3

8,2,3

8,0,0

8,2,3

8,2,3

8,2,3

8,4,6

8,2,3

8,2,3

8,4,6

8,2,3

8,0,0

8,4,6

8,4,6

8,4,6

8,0,0

8,4,6

8,4,6

8,2,3

8,2,3

8,0,0

8,0,0

8,2,3

8,0,0

8,2,3

8,0,0

8,2,3

8,4,6

8,4,6

8,4,6

8,0,0

8,4,6

8,2,3

8,6,6

8,0,0

8,0,0

8,4,6

8,6,6

8,2,3

8,0,0

8,2,3

8,4,6

8,2,3

8,2,3

8,2,3

8,4,6

8,2,3

8,4,6

8,2,3

8,4,6

8,4,6

8,0,0

8,2,3

8,4,6

8,2,3

8,2,3

8,2,3

8,2,3

8,2,3

8,2,3

8,2,3

8,4,6

8,4,6

8,2,3

8,2,3

8,4,6

8,0,0

8,4,6

8,2,3

8,2,3

8,0,0

8,2,3

8,2,3

8,4,6
